par,alineamiento_1,alineamiento_2,score,columnas,comparables,diferencias,huecos,p,jc69
S1-S2,ATTGCCATT,ATGGCCATT,15,9,9,1,0,0.111111,0.120257
S1-S3,ATTGCCA--TT,A-TCCAATTTT,4,11,8,2,3,0.250000,0.304099
S1-S4,ATTGCCATT,ATCTTC-TT,5,9,8,3,1,0.375000,0.519860
S1-S5,ATTGCCATT,ACTG--ACC,1,9,7,3,2,0.428571,0.635473
S2-S3,ATGGCCA--TT,AT-CCAATTTT,4,11,8,2,3,0.250000,0.304099
S2-S4,ATGGCCATT,ATCTTC-TT,5,9,8,3,1,0.375000,0.519860
S2-S5,A-TGGCCATT,ACTGACC---,1,10,6,1,4,0.166667,0.188486
S3-S4,ATCCAATTTT,AT-C-TTCTT,6,10,8,2,2,0.250000,0.304099
S3-S5,ATCCAATTTT,A-CTGA--CC,-4,10,7,4,3,0.571429,1.076313
S4-S5,ATCTTCTT,A-CTGACC,0,8,7,4,1,0.571429,1.076313
